Date,AAPL,GOOG,MSFT
2024-10-01,225.162109375,167.68609619140625,417.5552062988281
2024-10-02,225.7294464111328,166.58091735839844,414.021728515625
2024-10-03,224.6245880126953,166.4813690185547,413.4361267089844
2024-10-04,225.74935913085935,167.82546997070312,412.959716796875
2024-10-07,220.66302490234372,163.6736602783203,406.48828125
2024-10-08,224.72412109375,164.97793579101562,411.6197509765625
2024-10-09,228.47666931152344,162.3494415283203,414.3492431640625
2024-10-10,227.9789886474609,162.4689178466797,412.7413024902344
2024-10-11,226.49588012695312,163.80308532714844,413.2177734375
2024-10-14,230.228515625,165.6251220703125,416.0167236328125
2024-10-15,232.76670837402344,166.17269897460938,415.6196899414063
2024-10-16,230.70626831054688,166.013427734375,413.0192260742188
2024-10-17,231.07456970214844,163.79312133789062,413.6147766113281
2024-10-18,233.91134643554688,164.33078002929688,415.0440368652344
2024-10-21,235.384521484375,165.0775146484375,415.659423828125
2024-10-22,234.7674102783203,166.09307861328125,424.3243713378906
2024-10-23,229.6909942626953,163.76324462890625,421.4360656738281
2024-10-24,229.5019073486328,163.81304931640625,421.5650939941406
2024-10-25,230.3380126953125,166.26231384277344,424.9595947265625
2024-10-28,232.3187713623047,167.60643005371094,423.4112243652344
2024-10-29,232.5875244140625,170.39422607421875,428.7312927246094
2024-10-30,229.03407287597656,175.3724365234375,429.3069763183594
2024-10-31,224.8634796142578,171.93748474121094,403.3220520019531
2024-11-01,221.87738037109372,171.89764404296875,407.3121032714844
2024-11-04,220.9815368652344,169.93624877929688,405.4163208007813
2024-11-05,222.4148712158203,170.66305541992188,408.3939514160156
2024-11-06,221.68826293945312,177.55291748046875,417.0489807128906
2024-11-07,226.4261932373047,181.48568725585935,422.2598571777344
2024-11-08,226.15716552734372,179.0762481689453,419.3913879394531
2024-11-11,223.4368133544922,181.1770477294922,414.8951721191406
2024-11-12,223.4368133544922,182.5211639404297,419.8777465820313
2024-11-13,224.3236541748047,179.70350646972656,422.0315856933594
2024-11-14,227.4127197265625,176.57717895507812,423.7090148925781
2024-11-15,224.2041015625,173.1322479248047,411.9075927734375
2024-11-18,227.2134246826172,176.02957153320312,412.6619262695313
2024-11-19,227.47247314453125,178.79745483398438,414.67681884765625
2024-11-20,228.18995666503903,176.55726623535156,412.3939208984375
2024-11-21,227.71165466308597,168.5025177001953,410.61370849609375
2024-11-22,229.05685424804688,165.84414672851562,414.7211608886719
2024-11-25,232.04624938964844,168.69168090820312,416.5013732910156
2024-11-26,234.228515625,169.87649536132812,425.6510925292969
2024-11-27,234.0989532470703,170.0756378173828,420.6784057617188
2024-11-29,236.4904937744141,169.74708557128906,421.1458435058594
2024-12-02,238.7424774169922,172.22622680664062,428.624755859375
2024-12-03,241.79165649414065,172.26605224609375,428.8435363769531
2024-12-04,242.150390625,175.32264709472656,435.0295715332031
2024-12-05,242.18028259277344,173.5504150390625,440.2011413574219
2024-12-06,241.98098754882807,175.72093200683594,441.1459655761719
2024-12-09,245.8771514892578,176.5283203125,443.5825500488281
2024-12-10,246.8935394287109,185.9278717041016,440.9072570800781
2024-12-11,245.6180877685547,196.07501220703125,446.5363464355469
2024-12-12,247.08287048339844,193.0049591064453,447.1032409667969
2024-12-13,247.25228881835935,190.76220703125,444.8257141113281
2024-12-16,250.15196228027344,197.52032470703125,449.12213134765625
2024-12-17,252.58334350585935,196.4836883544922,451.9764099121094
2024-12-18,247.1725616455078,189.5361785888672,434.9997253417969
2024-12-19,248.9063873291016,189.08763122558597,434.6416931152344
2024-12-20,253.5897674560547,192.33712768554688,434.2140808105469
2024-12-23,254.36700439453125,195.3573455810547,432.8714294433594
2024-12-24,257.28668212890625,196.93223571777344,436.9291076660156
2024-12-26,258.1037292480469,196.4637451171875,435.7157897949219
2024-12-27,254.6858673095703,193.4136199951172,428.17718505859375
2024-12-30,251.3078765869141,192.06797790527344,422.5083618164063
2024-12-31,249.5341796875,189.8252410888672,419.1965637207031
2025-01-02,242.9874267578125,190.0146331787109,416.2925109863281
2025-01-03,242.4991607666016,192.50657653808597,421.0364685058594
2025-01-06,244.1333465576172,197.32098388671875,425.5118713378906
2025-01-07,241.35321044921875,196.07501220703125,420.0617980957031
2025-01-08,241.8414764404297,194.75927734375,422.2398071289063
2025-01-10,236.0121917724609,192.54641723632807,416.6605224609375
2025-01-13,233.5708465576172,191.66928100585935,414.9101257324219
2025-01-14,232.45480346679688,190.4332733154297,413.3984375
2025-01-15,237.028564453125,196.34413146972656,423.9802551269531
2025-01-16,227.4525604248047,193.78244018554688,422.25970458984375
2025-01-17,229.16647338867188,196.9123077392578,426.6853942871094
2025-01-21,221.85243225097656,198.98558044433597,426.1583251953125
2025-01-22,223.03823852539065,199.38429260253903,443.7615966796875
2025-01-23,222.86883544921875,198.9357452392578,444.2687683105469
2025-01-24,221.991943359375,201.24826049804688,441.6332702636719
2025-01-27,229.04690551757807,193.1444854736328,432.1852111816406
2025-01-28,237.4171905517578,196.43386840820312,444.7561340332031
2025-01-29,238.51329040527344,196.54347229003903,439.9127197265625
2025-01-30,236.7495574951172,201.97589111328125,412.7221374511719
2025-01-31,235.16519165039065,204.93630981445312,412.791748046875
2025-02-03,227.2034454345703,201.98587036132807,408.6744079589844
2025-02-04,231.9765167236328,207.0395050048828,410.116455078125
2025-02-05,231.6476593017578,192.67601013183597,411.0314636230469
2025-02-06,232.39501953125,192.68597412109372,413.5475769042969
2025-02-07,226.8247985839844,186.5359039306641,407.5107727050781
2025-02-10,227.0941162109375,187.59246826171875,409.96728515625
2025-02-11,232.05198669433597,186.46612548828125,409.1915588378906
2025-02-12,236.29161071777344,184.83140563964844,406.8046569824219
2025-02-13,240.9402313232422,187.2735137939453,408.2964477539063
2025-02-14,244.00274658203125,186.26675415039065,406.1979675292969
2025-02-18,243.87306213378903,185.20022583007807,407.4013977050781
2025-02-19,244.27207946777344,186.52593994140625,412.5033264160156
2025-02-20,245.2297515869141,186.0375061035156,414.6857604980469
2025-02-21,244.95042419433597,180.99383544921875,406.793212890625
2025-02-24,246.49664306640625,180.6051025390625,402.5978393554688
2025-02-25,246.4367828369141,176.7974395751953,396.5190124511719
2025-02-26,239.77310180664065,174.1360626220703,398.3426818847656
2025-02-27,236.72056579589844,169.66055297851562,391.1676330566406
2025-02-28,241.24948120117188,171.66407775878906,395.6121520996094
2025-03-03,237.4487762451172,168.11557006835938,387.14166259765625
2025-03-04,235.3539123535156,172.0528106689453,387.26123046875
2025-03-05,235.1643829345703,174.4251251220703,399.628173828125
2025-03-06,234.75538635253903,173.6476287841797,395.5125427246094
2025-03-07,238.4862518310547,175.18267822265625,391.9449462890625
2025-03-10,226.92454528808597,167.4588623046875,378.840576171875
2025-03-11,220.30075073242188,165.6326904296875,379.1296081542969
2025-03-12,216.4501800537109,168.6463623046875,381.9397888183594
2025-03-13,209.16799926757807,164.3852996826172,377.4553833007813
2025-03-14,212.9687042236328,167.26925659179688,387.21142578125
2025-03-17,213.4774627685547,166.22145080566406,387.3509521484375
2025-03-18,212.1706695556641,162.32960510253906,382.1889343261719
2025-03-19,214.7144317626953,165.9320526123047,386.4739990234375
2025-03-20,213.5772247314453,164.7046356201172,385.4974060058594
2025-03-21,217.73704528808597,165.90213012695312,389.9020690917969
2025-03-24,220.19102478027344,169.5744171142578,391.7157287597656
2025-03-25,223.2036590576172,172.42843627929688,393.7885437011719
2025-03-26,220.98907470703125,166.79025268554688,388.6165466308594
2025-03-27,223.3034210205078,163.73666381835938,389.2243957519531
2025-03-28,217.3679351806641,155.7334442138672,377.48529052734375
2025-03-31,221.58761596679688,155.90309143066406,374.087158203125
2025-04-01,222.64503479003903,158.54754638671875,380.863525390625
2025-04-02,223.34332275390625,158.527587890625,380.813720703125
2025-04-03,202.69384765625,152.3106231689453,371.8150329589844
2025-04-04,187.92002868652344,147.4308624267578,358.5910949707031
2025-04-07,181.0169219970703,148.92771911621094,356.61798095703125
2025-04-08,171.9989776611328,146.27328491210938,353.3294372558594
2025-04-09,198.3644561767578,160.72299194335938,389.1347351074219
2025-04-10,189.9550323486328,155.04489135742188,380.0264587402344
2025-04-11,197.6661529541016,159.0664520263672,387.101806640625
2025-04-14,202.02549743652344,161.13214111328125,386.4640197753906
2025-04-15,201.6464080810547,158.34796142578125,384.3912658691406
2025-04-16,193.79563903808597,155.17462158203125,370.32025146484375
2025-04-17,196.4990234375,153.0391082763672,366.5035400390625
2025-04-21,192.6883544921875,149.54641723632812,357.87359619140625
2025-04-22,199.25228881835935,153.5779571533203,365.5469055175781
2025-04-23,204.1004180908203,157.38998413085938,373.0906372070313
2025-04-24,207.8612060546875,161.13214111328125,385.9557800292969
2025-04-25,208.76898193359372,163.50714111328125,390.4900207519531
2025-04-28,209.62689208984372,162.08013916015625,389.8024291992188
2025-04-29,210.6942901611328,161.72088623046875,392.6724243164063
2025-04-30,211.9811248779297,160.55332946777344,393.88818359375
2025-05-01,212.79913330078125,162.44935607910156,423.9235534667969
2025-05-02,204.8485870361328,165.46304321289062,433.769287109375
2025-05-05,198.40435791015625,165.70254516601562,434.65618896484375
2025-05-06,198.02528381347656,164.8543243408203,431.8061218261719
2025-05-07,195.7707977294922,152.4802703857422,431.8459777832031
2025-05-08,197.00778198242188,155.42410278320312,436.6492614746094
2025-05-09,198.0452423095703,154.0569610595703,437.2073059082031
2025-05-12,210.5510406494141,159.24607849121094,447.7007751464844
2025-05-13,212.6886138916016,160.55332946777344,447.5812072753906
2025-05-14,212.08929443359372,166.4609375,451.3679809570313
2025-05-15,211.21029663085935,165.05389404296875,452.3863220214844
2025-05-16,211.0205078125,167.07965087890625,453.5244445800781
2025-05-19,208.54331970214844,167.5187225341797,458.1168823242188
2025-05-20,206.62550354003903,164.97409057617188,457.4180603027344
2025-05-21,201.86090087890625,169.7041473388672,451.8272399902344
2025-05-22,201.13172912597656,171.62013244628906,454.1134643554688
2025-05-23,195.04864501953125,169.23513793945312,449.441162109375
2025-05-27,199.9830474853516,173.61593627929688,459.9338989257813
2025-05-28,200.1927947998047,173.0172119140625,456.609375
2025-05-29,199.72332763671875,172.5980987548828,457.9272155761719
2025-05-30,200.622314453125,172.48831176757812,459.60443115234375
2025-06-02,201.47134399414065,170.01348876953125,461.2118225097656
2025-06-03,203.03956604003903,167.3590850830078,462.2101745605469
2025-06-04,202.590087890625,169.03555297851562,463.1086730957031
2025-06-05,200.40257263183597,169.4546661376953,466.9124145507813
2025-06-06,203.68882751464844,174.55397033691406,469.6080017089844
2025-06-09,201.2216339111328,177.47137451171875,471.97412109375
2025-06-10,202.44024658203125,179.8492431640625,470.1471252441406
2025-06-11,198.55465698242188,178.63034057617188,471.8443298339844
2025-06-12,198.97418212890625,176.8119659423828,478.0840759277344
2025-06-13,196.227294921875,175.7229461669922,474.1804809570313
2025-06-16,198.195068359375,177.78109741210938,478.3536376953125
2025-06-17,195.418212890625,177.0717315673828,477.2554321289063
2025-06-18,196.35714721679688,173.8246307373047,479.4518127441406
2025-06-20,200.7721405029297,167.58021545410156,476.6164855957031
2025-06-23,201.2715759277344,165.86175537109375,485.2023620605469
2025-06-24,200.07293701171875,167.5902099609375,489.30560302734375
2025-06-25,201.33151245117188,171.3368682861328,491.4620666503906
2025-06-26,200.7721405029297,174.27423095703125,496.6335754394531
2025-06-27,200.85205078125,178.11080932617188,495.1260681152344
2025-06-30,204.9374084472656,177.23159790039062,496.5936584472656
2025-07-01,207.58441162109372,176.7520294189453,491.242431640625
2025-07-02,212.1991729736328,179.59947204589844,490.2840270996094
2025-07-03,213.30792236328125,180.38877868652344,498.0213012695313
2025-07-07,209.7119903564453,177.4014434814453,496.9031372070313
2025-07-08,209.7719268798828,175.0035858154297,495.804931640625
2025-07-09,210.9006500244141,177.50135803222656,502.68365478515625
2025-07-10,212.1692047119141,178.54042053222656,500.656982421875
2025-07-11,210.92062377929688,181.1480865478516,502.4939575195313
2025-07-14,208.3834991455078,182.6467437744141,502.1944274902344
2025-07-15,208.8729553222656,182.93649291992188,504.9898376464844
2025-07-16,209.92176818847656,183.60589599609372,504.7901611328125
2025-07-17,209.78192138671875,184.5350646972656,510.8601989746094
2025-07-18,210.9405975341797,185.77395629882807,509.212890625
2025-07-21,212.23912048339844,190.9792938232422,509.2228698730469
2025-07-22,214.15695190429688,191.93844604492188,504.4407348632813
2025-07-23,213.9072265625,191.33897399902344,505.0397644042969
2025-07-24,213.5176696777344,193.0274658203125,510.0415344238281
2025-07-25,213.63754272460935,193.9066925048828,512.866943359375
2025-07-28,213.80735778808597,193.2472686767578,511.6588745117188
2025-07-29,211.03050231933597,196.25457763671875,511.728759765625
2025-07-30,208.81301879882807,197.26368713378903,512.3976440429688
2025-07-31,207.33470153808597,192.68777465820312,532.6243896484375
2025-08-01,202.1505889892578,189.7803649902344,523.2498168945312
2025-08-04,203.11949157714844,195.5751953125,534.7609252929688
2025-08-05,202.68995666503903,195.1455841064453,526.8838500976562
2025-08-06,213.0082550048828,196.74415588378903,524.0784912109375
2025-08-07,219.7805633544922,197.10382080078125,519.9852294921875
2025-08-08,229.0900115966797,201.90953063964844,521.1832275390625
2025-08-11,227.17999267578125,201.449951171875,520.9136962890625
2025-08-12,229.6499938964844,203.97769165039065,528.3713989257812
2025-08-13,233.3300018310547,202.84869384765625,519.7256469726562
2025-08-14,232.77999877929688,203.63800048828125,521.6224975585938
2025-08-15,231.58999633789065,204.72702026367188,519.3162841796875
2025-08-18,230.88999938964844,204.1075592041016,516.2512817382812
2025-08-19,230.55999755859372,202.30918884277344,508.933349609375
2025-08-20,226.00999450683597,200.01123046875,504.8900146484375
2025-08-21,224.8999938964844,200.4408416748047,504.239990234375
2025-08-22,227.75999450683597,206.535400390625,507.2300109863281
2025-08-25,227.16000366210935,208.9732208251953,504.260009765625
2025-08-26,229.30999755859372,207.7642974853516,502.0400085449219
2025-08-27,230.4900054931641,208.02407836914065,506.739990234375
2025-08-28,232.55999755859372,212.1803436279297,509.6400146484375
2025-08-29,232.13999938964844,213.3393096923828,506.6900024414063
2025-09-02,229.72000122070312,211.8007049560547,505.1199951171875
2025-09-03,238.47000122070312,230.8936309814453,505.3500061035156
2025-09-04,239.77999877929688,232.4522399902344,507.9700012207031
2025-09-05,239.69000244140625,234.95999145507807,495.0
2025-09-08,237.8800048828125,234.16000366210935,498.2000122070313
2025-09-09,234.3500061035156,239.94000244140625,498.4100036621094
2025-09-10,226.7899932861328,239.55999755859372,500.3699951171875
2025-09-11,230.02999877929688,240.77999877929688,501.010009765625
2025-09-12,234.07000732421875,241.3800048828125,509.8999938964844
2025-09-15,236.6999969482422,251.75999450683597,515.3599853515625
2025-09-16,238.1499938964844,251.4199981689453,509.0400085449219
2025-09-17,238.9900054931641,249.8500061035156,510.0199890136719
2025-09-18,237.8800048828125,252.3300018310547,508.4500122070313
2025-09-19,245.5,255.2400054931641,517.9299926757812
2025-09-22,256.0799865722656,252.8800048828125,514.4500122070312
2025-09-23,254.42999267578125,252.33999633789065,509.2300109863281
2025-09-24,252.30999755859372,247.8300018310547,510.1499938964844
2025-09-25,256.8699951171875,246.57000732421875,507.0299987792969
2025-09-26,255.4600067138672,247.17999267578125,511.4599914550781
2025-09-29,254.42999267578125,244.3600006103516,514.5999755859375
2025-09-30,254.6300048828125,243.5500030517578,517.9500122070312
