Price,Close,Close,Close,High,High,High,Low,Low,Low,Open,Open,Open,Volume,Volume,Volume
Ticker,AAPL,GOOG,MSFT,AAPL,GOOG,MSFT,AAPL,GOOG,MSFT,AAPL,GOOG,MSFT,AAPL,GOOG,MSFT
Date,,,,,,,,,,,,,,,
2024-10-01,225.162109375,167.68609619140625,417.5552062988281,228.58616112900037,169.69729815329652,425.28716713975047,222.70355021092283,165.1770730146529,415.68921038228643,228.45677367012016,168.12418129125342,425.257391898111,63285000,18629500,19092900
2024-10-02,225.7294464111328,166.58091735839844,414.021728515625,226.31670960653594,168.14408312341,419.66933146547984,221.98686997976517,165.52553890950227,413.6048448503053,224.84356992020335,167.02895337262652,419.4310992466512,32880600,12745000,16582300
2024-10-03,224.6245880126953,166.4813690185547,413.4361267089844,225.75930638603796,167.17831564598703,416.4236768512481,222.28548343692833,164.64937549349344,411.20289276743637,224.09704443839323,165.09742671826152,414.51800085029123,34044200,11004300,13686400
2024-10-04,225.74935913085938,167.82546997070312,412.959716796875,226.9437971307691,168.8111613540106,416.62222309915006,223.09172964492672,166.23245134615243,411.87784259208183,226.8442543024003,168.60206977853457,415.1234652064613,37245100,11422100,19169700
2024-10-07,220.66302490234375,163.6736602783203,406.48828125,224.6444949275546,169.15964465933897,414.0018496365578,220.30469199255066,163.41479871287174,405.95229663138974,223.46000516495792,168.4029618733599,412.90013544904184,39505400,14034700,20919800
2024-10-08,224.72412109375,164.97793579101562,411.6197509765625,224.9331397600325,165.37620184985647,412.5626841012525,222.21579078164237,163.59399352017417,405.1285060524599,223.2609296773624,164.70910810033513,407.83814388099404,31855700,11723900,19229300
2024-10-09,228.47666931152344,162.3494415283203,414.3492431640625,228.68570318762718,165.5354940563339,417.247497795826,223.78849648056692,160.41789291037858,411.2127866111198,224.1866374402548,164.13661774956313,412.7611596791307,33591100,19666400,14974300
2024-10-10,227.97898864746094,162.4689178466797,412.7413024902344,228.43686442668115,163.5950013001064,414.24006019253727,226.11765609380726,160.9356352512682,410.0713450038319,226.72483093793394,161.40358838977565,412.1358625356339,28183500,12900500,13848400
2024-10-11,226.49588012695312,163.80308532714844,413.2177734375,228.34726430462075,164.54981709717626,414.02173524996044,226.28684626691359,161.7918835060304,410.1706424598083,228.23777327090536,162.6182684879368,413.03912198810315,31759200,10946000,14144900
2024-10-14,230.228515625,165.6251220703125,416.0167236328125,230.65651637799863,166.88957700087903,420.88020441582967,227.54102629778745,164.0619561840233,414.40876988651684,227.64055393917852,164.1913945597103,414.65690697024394,39882100,9981800,16653100
2024-10-15,232.76670837402344,166.17269897460938,415.61968994140625,236.3898456598821,168.35315811036688,419.3318413994773,231.29355345996072,165.3264121085983,412.16564103956983,232.52781469355565,166.411658603287,419.03405871782695,64751400,14829300,18900200
2024-10-16,230.70626831054688,166.013427734375,413.01922607421875,231.04468960128423,166.55106797325655,413.25742799200697,228.77525301100687,164.4960665730318,407.4212689749873,230.52710945831018,165.30651490961594,412.0763232895253,34082200,9968500,15508900
2024-10-17,231.07456970214844,163.79312133789062,413.6147766113281,232.76670668063704,167.19821643099237,419.35170523704693,229.4521309302649,163.65373201334134,412.49319205621896,232.348638945834,166.65062527959674,419.2127339196968,32993800,15113400,14820000
2024-10-18,233.91134643554688,164.33078002929688,415.0440368652344,235.08587271459402,165.64502008827174,416.52292426802023,232.92592721050605,164.03208427288982,413.1582009892299,235.08587271459402,164.15155649853372,414.0316484156336,46431500,13091300,17145300
2024-10-21,235.384521484375,165.0775146484375,415.659423828125,235.75281781754072,165.4956826376428,415.8380752730999,233.36392650842956,163.58901891443685,410.6669065146117,233.36392650842956,163.8628296926184,413.01924141063614,36254500,11384000,14206100
2024-10-22,234.7674102783203,166.09307861328125,424.3243713378906,235.12574323334508,166.74024012033664,427.37147187061,231.5225172658939,163.95243825860203,414.92493688547415,232.80653482833821,163.98230631632472,415.37156548627684,38846600,11958600,25482200
2024-10-23,229.6909942626953,163.76324462890625,421.4360656738281,234.05070868615385,166.86965899975868,427.86776005710016,226.70489182210235,162.91993546186882,419.3814831724278,232.99562158724072,165.70474411550393,427.6493981928425,52287000,12754300,19654400
2024-10-24,229.5019073486328,163.81304931640625,421.5650939941406,229.75074924052936,164.33078763866595,422.80577949754775,227.35190975750177,162.06072409253227,419.2524392532927,228.9146289407981,163.87278543199432,422.1605988036373,31109500,12764400,13581600
2024-10-25,230.3380126953125,166.26231384277344,424.9595947265625,232.13962556438537,166.67051564133874,429.29702642206786,228.5065400142299,164.50997366436278,423.3913815699701,228.6757506783198,164.64439509849527,423.5799681906594,38802300,14566400,16899100
2024-10-28,232.3187713623047,167.60643005371094,423.4112243652344,233.64261197661628,169.86256206708674,428.72136443906953,231.47271808946843,165.06753901516458,423.12337684387694,232.23915532682838,169.84662534790536,428.44345209470936,36087100,20858300,14882400
2024-10-29,232.5875244140625,170.39422607421875,428.7312927246094,233.2444706163013,171.11108976015856,429.94220298203743,231.24378738741356,167.9250373739239,422.62709584345464,232.0201728307493,168.64686894070343,424.8107144355948,35417200,28916100,17644100
2024-10-30,229.03407287597656,175.3724365234375,429.3069763183594,232.38845656475567,182.98909414615085,435.2324917274877,228.48661770128336,174.97915355569205,428.880187758029,231.5324398883544,181.61511808403742,434.18039280239805,47070900,49698300,29749100
2024-10-31,224.8634796142578,171.93748474121094,403.3220520019531,228.76531846185907,177.64251131508703,413.05894946974416,224.32597264925337,171.80804637049553,403.2724064074055,228.27758291037028,173.95863755379753,412.2648925685448,64370100,32801900,53971000
2024-11-01,221.87738037109375,171.89764404296875,407.3121032714844,224.30607958110733,173.0625589507953,412.4038816750557,219.2496106921502,169.56784461190855,404.46349406157685,219.9463649274566,170.79248043711254,405.96225191647693,65276700,21752900,24230400
2024-11-04,220.98153686523438,169.93624877929688,405.41632080078125,221.75792231303782,171.17085090618062,407.3617375208185,218.69220372782075,168.74646393259903,402.5478716062057,219.96627293386246,170.49382132170456,406.74633205416956,44944500,16194000,19672300
2024-11-05,222.4148712158203,170.66305541992188,408.3939514160156,222.91255498009295,171.34705817597293,411.8083202953773,220.11557465497725,169.6275788891059,405.039133016745,220.7725208689619,170.08558104548533,405.3269805306338,28111300,12518300,17626000
2024-11-06,221.68826293945312,177.55291748046875,417.0489807128906,225.02275032206146,177.8615642049402,417.31698816741806,220.16535179621147,174.27724535750224,407.4609595048601,221.5787719009408,174.58590727427162,409.346825702744,54561100,27061500,26681800
2024-11-07,226.4261932373047,181.48568725585938,422.2598571777344,226.82434934768688,181.78438300082175,423.66928922885575,223.52968537330023,178.11046028006697,416.75122569160607,223.5894049928319,178.32950281355292,418.14078738908074,42137700,16730400,19901800
2024-11-08,226.15716552734375,179.0762481689453,419.3913879394531,227.8511489598711,181.55540329027707,423.3218709209174,225.60910803907555,178.7875185486928,418.6370415012291,226.366414165256,181.20692236266052,422.15067113853826,38328800,15021500,16891400
2024-11-11,223.4368133544922,181.1770477294922,414.8951721191406,224.90161465065876,181.29155207407845,421.6444892164841,220.7164746065314,179.2056800423675,412.90014011467326,224.20409384410638,179.28533325699743,419.37154486777723,42005600,12503400,24503300
2024-11-12,223.4368133544922,182.5211639404297,419.87774658203125,224.79200315214243,183.22307843198172,421.27724345465793,222.5698957238352,180.2013154285578,414.09120276331856,223.75568869738083,180.5896153395915,415.1333664626366,40398300,14065800,19401200
2024-11-13,224.3236541748047,179.70350646972656,422.0315856933594,225.84824072641777,181.8192466194637,426.13078508233804,221.97200184604,179.33510844230398,415.0936518803662,223.2175800878685,181.3562613464338,418.4981158636683,48566200,13969700,21502200
2024-11-14,227.4127197265625,176.57717895507812,423.7090148925781,228.06041440281584,179.6586932804585,424.9794756745813,224.204108600429,175.26292374510342,416.87034165331505,224.2240421118748,178.96671454665437,421.83308381585454,44923900,17925800,30246900
2024-11-15,224.2041015625,173.1322479248047,411.9075927734375,226.11730807125568,175.11358167386166,419.64945830467593,223.47668806811174,171.99223317829555,410.5577414665236,225.59914322363005,174.87462204023322,416.69168340974903,47923700,21708900,28247600
2024-11-18,227.2134246826172,176.02957153320312,412.66192626953125,228.9273417095955,176.13909280002633,415.282238255226,224.37349996104592,173.65993786500817,409.0291955453545,224.4532188000698,174.19261017148003,411.778543667536,44633700,18662800,24727000
2024-11-19,227.47247314453125,178.79745483398438,414.67681884765625,229.3458276324582,179.38488017366925,414.82569505476647,225.8582086546099,174.35290289168816,408.48329602030253,226.17706876893948,174.4713876127403,410.03166915459735,36211800,15392900,18133500
2024-11-20,228.18995666503906,176.55726623535156,412.3939208984375,229.1166596710885,178.32950846808063,414.18052617467214,225.09095708205055,174.56598146219105,407.52050466835993,227.25327930098,178.05072981522193,413.76364252316546,35169600,15729800,19191700
2024-11-21,227.71165466308594,168.5025177001953,410.61370849609375,229.3458528412815,174.8148865873952,417.48594978990576,224.91159698015457,164.58963534340768,408.047821251109,228.07038183414417,174.69043129296793,417.2074811714516,42108300,38839400,20780200
2024-11-22,229.05685424804688,165.84414672851562,414.7211608886719,229.9038535446,167.53175254254214,415.11896888171356,227.2532593649619,164.98789373494913,408.81361962204943,227.2532593649619,166.43157204476697,409.1219230929671,38168300,24497000,24814600
2024-11-25,232.04624938964844,168.69168090820312,416.5013732910156,232.42491005721112,169.7172065350398,418.778836873561,228.92733167542056,166.6705280950971,412.58290247238904,230.64124862727573,167.257968644597,416.09361024787086,90152800,21395700,27691100
2024-11-26,234.228515625,169.87649536132812,425.6510925292969,234.73672132395913,170.74768243022393,426.69537265560376,232.50463944229026,168.6916785168623,416.5610569682543,232.50463944229026,168.75142982025878,417.29700327286355,45986200,14937500,23458900
2024-11-27,234.0989532470703,170.0756378173828,420.67840576171875,234.85627456038557,170.39423547744005,424.8952553598379,232.98291999142185,168.93063997056893,419.71370546967114,233.6405889619916,169.9362333002551,422.78681538537654,33498400,12433400,18332400
2024-11-29,236.49049377441406,169.74708557128906,421.1458435058594,236.96879161176938,170.12541936885526,422.55809676444443,233.14237850329877,168.0146622512929,415.51677094971404,233.97940351987407,169.31895142081672,417.7942649272981,28481400,9250700,16271900
2024-12-02,238.7424774169922,172.22622680664062,428.624755859375,239.93822952974793,172.84353545661656,430.63370587040276,236.32108052902282,169.5280442738957,419.0075879189551,236.4306920263062,169.57782943487248,419.26617676175783,48137100,16593400,20207200
2024-12-03,241.79165649414062,172.26605224609375,428.8435363769531,241.90126799408412,173.56039040413435,430.10658499561004,238.05492154808562,171.75826489918776,425.4024231657053,238.96170621081686,172.3656073706831,427.4909528928622,38861000,15721500,18302000
2024-12-04,242.150390625,175.32264709472656,435.0295715332031,243.2465056559754,175.66116182697243,437.2672755840065,240.3966217802532,171.99720549427335,430.26573974460115,242.01088645785893,172.02707354757175,430.6635477279166,44383900,18239800,26009400
2024-12-05,242.18028259277344,173.5504150390625,440.2011413574219,243.67497660990782,176.9356081335433,442.2300015529848,241.27351311137042,173.2517192965647,433.7864078777922,243.1269343008096,176.54730822598512,435.5268443828614,40033900,16145500,21697800
2024-12-06,241.98098754882812,175.72093200683594,441.1459655761719,243.7646642163996,176.06841023086653,443.66213830194334,241.22368140458013,172.7937409307028,439.35578408835863,242.05074723300527,173.1223047445848,439.8828865059849,36870600,13319500,18821000
2024-12-09,245.8771514892578,176.5283203125,443.5825500488281,246.36542364679892,177.4652731794903,445.8799237829371,240.89483838917155,174.83379581179184,438.09272702914495,240.97455722335047,175.14778141291757,440.1812568830996,44649200,19887800,19144400
2024-12-10,246.89353942871094,185.92787170410156,440.9072570800781,247.33198539974384,187.4230296378457,447.16289170564096,244.4721274358929,182.08033134621863,439.1867306857862,246.01664748664516,183.9393165192724,441.96149226752044,36914800,34317400,18469500
2024-12-11,245.6180877685547,196.07501220703125,446.5363464355469,249.91283942191654,196.25442385309114,447.8889300799693,245.38889040813984,185.65873341528825,441.62334015579273,247.08288910248365,186.0973154961447,441.62334015579273,45205800,41664500,19200200
2024-12-12,247.08287048339844,193.0049591064453,447.1032409667969,247.8601100871407,196.07002983557697,453.66717934055725,244.81092178998352,192.65608283731066,446.65568798759284,246.0166482138882,195.66633840932482,446.65568798759284,32777500,25197800,20834800
2024-12-13,247.25228881835938,190.76220703125,444.8257141113281,248.4081739675946,193.71264327515175,448.9629838704377,245.36897496771653,190.64258406331268,443.14494732322726,246.94338782137353,192.08791545519404,445.98933356109154,33155300,18883200,20177800
2024-12-16,250.15196228027344,197.52032470703125,449.12213134765625,250.49077111704125,199.992314777292,449.7089034526842,246.7739547032778,193.4833954424774,442.8466168869823,247.11276354004562,193.73757714576846,444.82573215231423,51694800,32248600,23598800
2024-12-17,252.58334350585938,196.4836883544922,451.9764099121094,252.93211150871377,202.2251047087036,452.80189103583194,248.89643481128522,196.0550837025253,447.11314908926647,249.1953766416157,197.88914050032798,448.545282051395,51356400,24129500,22733500
2024-12-18,247.1725616455078,189.5361785888672,434.9997253417969,253.38051965426092,198.04861948645635,450.1763104473289,246.86366065893745,188.6689918668289,434.6317218572595,251.26802371656945,196.19462306691972,448.85359210839096,56774100,27638400,24444500
2024-12-19,248.90638732910156,189.08763122558594,434.6416931152344,251.10857637552834,193.97182278625914,440.7580781855559,246.21594133746913,188.90821957957144,433.9355816606558,246.62449465453676,192.65607654402254,439.2066057877418,60882300,26981200,22963700
2024-12-20,253.5897674560547,192.33712768554688,434.2140808105469,254.0979578981185,193.50832259279161,441.3150464611244,244.82089371115717,185.76838878723544,426.28763393531244,247.16257165125242,186.40632224516705,430.7431322726768,147495300,45319700,64263700
2024-12-23,254.36700439453125,195.3573455810547,432.8714294433594,254.74564983170012,195.85573157040523,435.25830776300677,252.55343521958227,191.01141914553668,430.4646409959487,253.86877310974026,193.4036658106059,434.35327712310794,40858800,15235900,19152500
2024-12-24,257.28668212890625,196.93223571777344,436.9291076660156,257.2966260773909,197.03190378414646,437.1976515770788,254.386956808638,194.56788347394306,431.817212852652,254.58626151312842,195.53674590275864,432.27469051669533,23234700,6809800,7164500
2024-12-26,258.1037292480469,196.4637451171875,435.7157897949219,259.1799258751944,197.52032088445068,438.5303413291557,256.7186620602343,195.23770474465502,434.24389716434194,257.27667867815336,196.1049066292932,436.6804901261448,27237100,7907900,8194200
2024-12-27,254.6858673095703,193.4136199951172,428.17718505859375,257.78488174803636,196.1647202757909,432.84155699312345,252.16481819720389,191.3523024429326,424.0200357250834,256.91793375888693,195.83578371138285,432.2249501021284,42355300,14693000,18117700
2024-12-30,251.30787658691406,192.06797790527344,422.50836181640625,252.60328106925755,193.1544556150159,425.21349868579347,249.86300878941353,189.74549757657897,419.59438106008827,251.33776924994547,190.24887224804684,423.7316509986102,35557500,12209500,13158700
2024-12-31,249.5341796875,189.8252410888672,419.1965637207031,252.38406352835983,192.62616766511687,424.3979934566231,248.54767617168994,188.96801665543026,418.36115784079396,251.5470385357527,191.82377359456456,423.77143145899026,39480700,14355200,13246500
2025-01-02,242.9874267578125,190.01463317871094,416.2925109863281,248.21885574509324,192.57632906643343,423.74159992080814,240.96460876578237,188.1008329456353,412.5829142901712,248.0494437119358,190.8668688990928,423.2045424399656,55740700,17545200,16896500
2025-01-03,242.49916076660156,192.50657653808594,421.0364685058594,243.31625226562878,193.87214927777333,421.712745134401,241.03435939639962,190.73232363806486,417.2472919522773,242.49916076660156,192.10288510468152,418.77885425500915,40244100,12875000,16662900
2025-01-06,244.1333465576172,197.32098388671875,425.5118713378906,246.45510633108967,198.9158098969417,431.9465149926899,242.33971076643533,194.43033607710257,423.15482788109534,243.4457849039297,194.5200419032114,425.66104554069966,45045600,19483300,20573600
2025-01-07,241.35321044921875,196.07501220703125,420.0617980957031,244.68139184839126,201.48747646329343,428.29654775990844,240.4962520142114,195.30749356553247,418.50037065706186,242.12047569552988,197.62997397768044,426.655570865203,40856000,16966800,18139100
2025-01-08,241.8414764404297,194.75927734375,422.23980712890625,242.84791342439922,197.00201430773126,424.6366402910522,239.20085656180404,193.124571898385,419.2363221421035,241.06423680804883,193.32392325327666,421.14581248112984,37628900,14335300,15054600
2025-01-10,236.01219177246094,192.54641723632812,416.6605224609375,239.3104808095479,196.98204894528143,422.3890244132644,232.17580437363205,190.98149333430706,412.7519761682606,239.16100228470233,194.78915390811107,422.3094749538564,61710900,20753800,20201100
2025-01-13,233.5708465576172,191.66928100585938,414.9101257324219,233.8398957390806,191.86864757329707,416.21296436365594,228.90740850459227,188.051008991777,410.03690951971083,232.7039288898965,190.7323281027571,412.97077003054903,49630700,13169100,17604800
2025-01-14,232.45480346679688,190.4332733154297,413.3984375,235.28475371553364,192.6461081359987,417.4461724776856,231.6476711610837,189.0278212951568,408.4754763868852,233.91960476413306,191.8785895192527,415.5267269300622,39435300,13651200,16935900
2025-01-15,237.028564453125,196.34413146972656,423.9802551269531,238.11472029161553,197.16149175688608,425.8101960648602,233.60073052224158,192.7059199913067,415.984184442192,233.80999436776753,193.72263162353136,416.83950040874134,39832000,12894900,19637800
2025-01-16,227.4525604248047,193.78244018554688,422.25970458984375,237.1680713225123,196.3441362110355,427.1428756329152,227.22337827123218,193.6727946616834,422.07077084126166,236.51041752509497,195.19286581523593,426.35721474684357,71759100,13449600,15300000
2025-01-17,229.16647338867188,196.9123077392578,426.6853942871094,231.4682996512766,198.16823495893416,432.1056227420966,227.67177943063626,194.67953302807754,425.8301086663914,231.2989028272768,197.4106937293802,431.717739483304,68488300,22109100,26197500
2025-01-21,221.85243225097656,198.98558044433594,426.1583251953125,223.62613445935494,203.18198165088893,428.54520356031776,218.6039696546368,198.79619134868744,423.2741792396476,223.20762199269615,199.8627293790569,427.8490471438773,98070400,19005200,26085700
2025-01-22,223.03823852539062,199.38429260253906,443.7615966796875,223.3272060060417,201.4675423346555,444.8257262250376,219.01252087308487,198.55697005615318,433.6173259954359,219.01252087308487,199.90261827692612,435.168798403502,64126500,15477400,27803800
2025-01-23,222.86883544921875,198.9357452392578,444.2687683105469,226.22690964639077,201.28812762165109,444.3085582129765,221.51364566438272,196.18466016542135,439.08724891108926,223.94501691407203,199.33444793070097,439.58451646364995,60234800,15170800,18389300
2025-01-24,221.991943359375,201.24826049804688,441.6332702636719,224.831867935065,201.91611112171262,444.20911262497947,220.6267944226493,199.139093625211,438.98780315861995,223.9848686181573,199.2048900678887,442.727264983927,54697900,12732400,15549500
2025-01-27,229.04690551757812,193.1444854736328,432.1852111816406,231.32879829775732,198.02866145078596,432.82172827375285,223.18770026542342,192.0779322944387,421.18565437157145,223.2275672861503,193.56312782514325,421.69287703242304,94863400,24970200,35647800
2025-01-28,237.4171905517578,196.43386840820312,444.7561340332031,239.3403714135585,196.5933403714479,445.9296782334323,229.99354669273774,191.98825852658302,429.02258057650255,230.03341371427896,194.0216667461431,432.22498499378844,75707600,15939200,23491700
2025-01-29,238.51329040527344,196.54347229003906,439.9127197265625,239.01152170916106,197.81935429110533,444.4378728714111,233.18220937175082,194.55990597999036,437.9932741704639,233.29182086679862,196.73286138104575,444.2489087647689,45486100,12287800,23581400
2025-01-30,236.7495574951172,201.97589111328125,412.7221374511719,239.93823493591583,202.58193012039442,420.5491243253889,236.37091202718113,198.82808076772176,410.9021514578089,237.82573898228924,199.11514547234088,416.4814791520961,55658300,14571500,54586300
2025-01-31,235.16519165039062,204.93630981445312,412.791748046875,246.31561143302469,206.411527975635,418.39098567699745,232.61424963135997,202.92282630706868,412.64257384774635,246.31561143302469,203.0573850388532,416.69033910532374,100959800,17060300,34161900
2025-02-03,227.2034454345703,201.98587036132812,408.6744079589844,231.00994009075862,204.55754385594432,413.1398611878705,224.90161912474946,201.00903809438392,406.4267487485119,229.1764524471141,201.56223923433402,409.350684594608,73063300,16719500,25679100
2025-02-04,231.9765167236328,207.0395050048828,410.116455078125,232.3053512351318,208.02629948497267,411.65800277159144,225.84826207175638,203.6006296665919,407.5008227766752,226.44614576626617,203.83986040606993,410.43471361041793,45067300,28285400,20532100
2025-02-05,231.6476593017578,192.67601013183594,411.0314636230469,231.84694877861298,193.92197499920485,411.5684907814938,227.46251946854915,189.29695401991273,408.1572423104593,227.72159426797964,192.47665879496333,410.0965981017129,39620300,43666400,16316700
2025-02-06,232.39501953125,192.68597412109375,413.5475769042969,232.9729696905443,193.2042997692843,415.9145752087822,229.61488023403817,189.87508526379926,411.737515806655,230.47183871784506,190.37347121526227,411.737515806655,29925300,20816600,16309800
2025-02-07,226.82479858398438,186.53590393066406,407.5107727050781,233.17226081850333,192.39193919392628,416.36212936115334,226.45609706307513,184.50249582506203,405.86979579790295,231.77721918612997,192.11783298882085,414.2040051086223,39707200,29565700,22886800
2025-02-10,227.0941162109375,187.59246826171875,409.96728515625,230.02693972945139,189.3766984774281,413.1895693646485,226.64521806905947,187.00437649187288,408.6744015876666,229.0094413336025,188.4496927028371,411.44913283343,33115600,16606000,20817900
2025-02-11,232.05198669433594,186.46612548828125,409.1915588378906,234.65561423976854,188.19053660602074,410.23580864154656,227.57296005864194,185.47931583791075,407.0632389741584,227.64278121837336,186.2318834848387,407.40140764567894,53718400,13028100,18140600
2025-02-12,236.29161071777344,184.83140563964844,406.8046569824219,236.38140252594314,186.22689542176803,408.5053035519359,230.11672290007743,183.03722839190226,402.1601645834243,230.63545743654387,184.6320543020691,404.98464070295296,45243300,17632300,19121700
2025-02-13,240.9402313232422,187.2735137939453,408.29644775390625,241.74825103145727,187.38315931387632,408.7539254008991,234.99479296308533,184.2831980244079,404.13926797640636,236.33151730066413,185.32979637612,404.775785007703,53614100,12729300,23891700
2025-02-14,244.00274658203125,186.26675415039062,406.1979675292969,244.9504238462646,187.5426209249714,406.6753553081934,240.40156080072015,185.50921300596195,403.66191514014076,240.66092045804314,186.2268899678551,405.5614808415711,40896200,12714200,22758500
2025-02-18,243.87306213378906,185.20022583007812,407.4013977050781,244.58131995427482,187.173829973565,408.3561429609082,241.2494791133952,182.98739095029217,404.2785427328027,243.55383619329416,186.83493117095733,405.7703454735141,48822500,19796000,21423100
2025-02-19,244.27207946777344,186.52593994140625,412.5033264160156,245.40929524371262,186.7551932313241,413.21939292620334,242.56626341463,184.90119679523852,405.4222411212721,244.06260076305156,185.58398314772262,405.65099512827777,32204200,13120500,24114200
2025-02-20,245.22975158691406,186.03750610351562,414.6857604980469,246.17742890005937,186.5159523550358,417.8547165109783,243.69350332551406,184.00409812740568,411.10822380495836,244.34192533458386,185.89795864642505,413.84867949906476,32316900,12063800,23508700
2025-02-21,244.95042419433594,180.99383544921875,406.793212890625,248.08275639920348,186.8648210730536,416.59905745325864,244.6212281548445,180.5452911558963,406.4743466307379,245.34944139409683,186.68539423000573,415.8915301727366,53197400,19520800,27524800
2025-02-24,246.49664306640625,180.6051025390625,402.59783935546875,248.25234005966587,184.49250685544612,407.9491968592537,243.82317911276243,180.2961056843669,397.93408950529806,244.3319283268952,183.20667779988295,407.09219625426255,51326400,18734000,26443700
2025-02-25,246.43678283691406,176.7974395751953,396.5190124511719,249.38956194785018,180.17649594747144,400.52507980230723,244.3119941197594,176.19938551849802,395.3231955078189,247.3944454522674,179.57345316387003,399.7079184567694,48013300,20832500,29387400
2025-02-26,239.77310180664062,174.1360626220703,398.3426818847656,244.3818160551289,177.50515679618596,402.19924554396545,238.54610942000366,173.029645111073,392.88169018272754,243.7334092806253,176.37382606939352,396.6286502127144,44433600,23637200,19619000
2025-02-27,236.72056579589844,169.66055297851562,391.1676330566406,241.86796980219768,176.01994740253818,404.33177619538384,236.48114634623442,169.20402365784025,390.80889711711075,238.82541422357912,175.3720517468169,399.87728914292836,41153600,25930500,21127400
2025-02-28,241.24948120117188,171.66407775878906,395.6121520996094,241.49887076126774,171.94317270641938,396.24994544118493,229.63790389196947,167.84643911355462,385.2283339547379,236.37142201455794,169.7502773138095,391.29719366600983,56833400,30049800,32845700
2025-03-03,237.4487762451172,168.11557006835938,387.14166259765625,243.43412542285543,174.43510093183014,397.4358274187669,235.53346633482454,167.09885836425866,384.8197626823639,241.19958958341564,173.16919622639824,397.4358274187669,47184000,24122000,23007700
2025-03-04,235.35391235351562,172.0528106689453,387.26123046875,239.4838181516717,174.5995557564392,391.21745294280987,234.10696453181083,166.99916947110347,379.67765721488945,237.1295800554318,167.39788738556237,382.06932141422595,53798100,30711400,29342900
2025-03-05,235.1643829345703,174.4251251220703,399.628173828125,235.97240266650644,175.18266631177056,400.27594221038044,228.67026910680244,170.37821831917367,387.4605594414927,234.84515699420854,171.76374589997425,387.9887187604894,47227600,18848000,23433100
2025-03-06,234.75538635253906,173.6476287841797,395.5125427246094,237.27920752401755,176.15948286788355,400.7542663515353,232.59068676229822,171.95111204146954,391.3171323240562,233.86756011302523,171.99298388096355,392.91158534383527,45170400,19082400,23304600
2025-03-07,238.4862518310547,175.18267822265625,391.9449462890625,240.78062356819368,176.32895993375635,393.42976525122566,234.1867631010968,171.69397623813677,384.20192438386283,234.53591456798168,172.68277843809483,390.9583919892802,46273600,16395300,22034100
2025-03-10,226.92454528808594,167.4588623046875,378.840576171875,235.583358769024,170.09333760834892,385.05890917094194,223.6725108894593,165.21856474391475,375.9107776446238,234.96486230654432,169.80395112078375,384.50085520495696,72071200,28990700,32840100
2025-03-11,220.30075073242188,165.6326904296875,379.1296081542969,225.28854176632854,168.30209616396394,384.6603339518935,216.91902902029437,162.8984334954026,375.6018856955347,223.26349982428485,166.3312226673931,377.6846284139058,76137400,23705900,30380200
2025-03-12,216.45018005371094,168.6463623046875,381.9397888183594,221.20853706339403,169.17525204524574,383.883033194115,214.38524243690583,165.13372374937688,377.634805186652,219.60246770742089,168.11747256412926,381.62092254273574,62547500,19880100,24253600
2025-03-13,209.16799926757812,164.3852996826172,377.45538330078125,216.31051974194543,167.76820552881753,383.9826683121219,207.9110813961123,163.72669229913674,376.139987768004,215.42269353923288,167.62849908664165,381.8301614244045,61368300,15206200,20473000
2025-03-14,212.9687042236328,167.26925659179688,387.21142578125,213.4275724686152,167.89794321312493,388.87564310802037,209.06824803363213,164.16576354056602,378.19284770158055,210.73416839029963,164.9690870263586,378.46189966674945,60107600,18611100,19952800
2025-03-17,213.4774627685547,166.22145080566406,387.3509521484375,214.69448503570536,168.1074952719868,391.3470139725856,209.4573042902151,165.4630314005261,384.23181056492524,212.78914514941675,166.97486057411132,385.35789354291256,48073400,17839100,22474300
2025-03-18,212.17066955566406,162.32960510253906,382.1889343261719,214.624654360469,166.091720499798,386.02557849597406,210.97360268345204,158.46770809514283,379.7773502731509,213.6370814211214,165.61272918130422,385.72663184862864,42432400,24616800,19486900
2025-03-19,214.7144317626953,165.9320526123047,386.4739990234375,218.22582565599035,167.78117198389484,388.3275289171194,213.22806456968678,162.70881575318666,382.66724981244226,213.6969181399133,163.571995968084,384.1919384194473,54385400,24955700,19185500
2025-03-20,213.5772247314453,164.7046356201172,385.4974060058594,216.9589465476154,166.6804882029944,390.4302384005767,211.70181037410745,162.79862864414542,381.9497639905121,213.46749271646212,163.48219284410166,384.40121765018193,48862900,19981500,18470500
2025-03-21,217.73704528808594,165.90213012695312,389.9020690917969,218.30564558008663,166.12167100602187,390.38038369901005,210.76410758323678,162.68886659897697,381.47140919973003,211.0434226778215,163.0381403320938,381.8899648927027,94127800,29882100,39675900
2025-03-24,220.19102478027344,169.5744171142578,391.7157287597656,220.93919345594836,170.14323170803982,394.02768406346627,218.04628066528426,167.0896371412489,388.45708885622673,220.460369765545,168.91081531503914,394.02768406346627,44299500,18742800,21004500
2025-03-25,223.2036590576172,172.42843627929688,393.7885437011719,223.55281053469957,172.54819553776656,394.98436068056907,219.54262209652958,170.19313314600385,391.2773006739415,220.23093972638688,170.82180453881222,392.552857032296,34493600,13841600,15775000
2025-03-26,220.98907470703125,166.79025268554688,388.6165466308594,224.47055842890478,171.58021155127406,393.93800963918454,219.93166541277708,166.5118295600408,387.2214116418782,222.9642357514217,170.94155138430105,393.6290879777552,34466100,22498000,16108400
2025-03-27,223.3034210205078,163.73666381835938,389.2243957519531,224.4406368200556,167.08963361496558,390.87863801869304,220.02144584411215,163.50714935773365,386.05543991632794,220.84942102067788,166.36116540619523,388.7759758195498,37094800,21571200,13766800
2025-03-28,217.36793518066406,155.7334442138672,377.48529052734375,223.26350805320467,163.46722744812823,387.77945533191945,217.1484711493609,155.01395983965068,375.6217855831935,221.12873402087155,162.02026459805788,386.7330813092454,39818600,34866500,21632000
2025-03-31,221.58761596679688,155.90309143066406,374.087158203125,225.06908447075043,156.80121735692813,375.761320171641,215.7020132379398,151.89151406467764,365.96541986866765,216.48010744476517,154.4860645445433,371.2470435423123,65299300,33591600,35184700
2025-04-01,222.64503479003906,158.54754638671875,380.863525390625,223.13382860511078,159.74503232559243,381.52123836039385,218.3655012478301,154.93013174681002,371.93463161723514,219.27328293515097,154.97503575649606,373.34968615477356,36412700,20111400,19689500
2025-04-02,223.34332275390625,158.527587890625,380.813720703125,224.64015156252358,159.93962031962053,383.74348886180815,220.48033536050963,156.20246156153843,375.3128595122782,220.7796058888877,156.63156970946335,376.6581801475031,35905900,17113300,16092600
2025-04-03,202.69384765625,152.3106231689453,371.8150329589844,206.98335084549154,154.3633104450107,376.16989155085776,200.75858236471802,151.86155262256625,368.06810346654436,205.0381002304481,152.5151960290634,373.4892252977989,103419000,28416100,30198000
2025-04-04,187.92002868652344,147.4308624267578,358.5910949707031,199.39194860307396,152.7696585204793,373.28990195338014,186.88255957870848,147.23126874135036,358.2323590249941,193.4165691841804,149.58633109667096,362.86621412703136,125910900,39832200,49209900
2025-04-07,181.0169219970703,148.92771911621094,356.61798095703125,193.6759230716255,154.60579993715052,369.7123913004176,174.19361217758157,142.3614860124179,343.5933653790687,176.76731422169505,143.08995421575065,349.66222551139305,160466300,47823000,50425000
2025-04-08,171.9989776611328,146.27328491210938,353.3294372558594,189.8752182218586,154.11683856421288,372.35317854006513,168.79682446290911,144.90615649348965,349.0343982710952,186.24410709579757,153.25364308480528,366.98190125867967,120859500,35304400,35868900
2025-04-09,198.3644561767578,160.72299194335938,389.1347351074219,200.1201531468693,161.5312946445726,391.8652461990382,171.47028013366514,145.50490139145467,351.8745186247924,171.53013119082922,146.02381759510635,352.3129939705509,184395900,46479500,50199700
2025-04-10,189.9550323486328,155.04489135742188,380.0264587402344,194.30438674913324,159.69514420046266,382.56759631800514,182.553152263757,151.88152624733968,366.5234683324548,188.60833789927736,158.42779734691703,380.7339860356081,121880000,35270500,38024400
2025-04-11,197.66615295410156,159.0664520263672,387.101806640625,199.05275825525484,159.52549618373823,388.6962291414208,185.60567786476867,155.2594476417932,377.57498926356885,185.64558871717136,155.2594476417932,379.3189154840166,87435900,22582000,23839200
2025-04-14,202.02549743652344,161.13214111328125,386.4640197753906,212.42005238891582,163.68678212859385,393.28027643878613,200.66881763194172,159.5853812905667,382.8765082652718,210.9237150406947,161.97037984139416,391.8552468593249,101352900,18255900,19251200
2025-04-15,201.6464080810547,158.34796142578125,384.3912658691406,203.01305790446213,161.71092019595181,390.5298901348079,199.3121256140358,157.3151386924203,382.82670753665025,201.36709301089155,161.2319288394032,387.16161616456134,51343900,15690800,17199900
2025-04-16,193.79563903808594,155.17462158203125,370.32025146484375,200.2099310657198,157.84900646503428,380.2855448116978,191.9002692932641,153.58795225695732,366.72279516422714,197.8756484915953,155.1446855741514,379.34883521582236,59732400,16921500,21967800
2025-04-17,196.4990234375,153.0391082763672,366.5035400390625,198.34451232255947,156.74135212697948,373.02085009277744,193.9452767059697,150.58424891052354,365.61664478749583,196.71848747425943,156.28230793676562,372.45282110026085,52164700,19513400,21120200
2025-04-21,192.6883544921875,149.54641723632812,357.87359619140625,193.3267911609043,150.7439031803643,363.21500903617533,189.34652827875263,148.08946559939653,354.43558836453434,192.79808650813246,150.64910075055403,361.5607667541322,46742500,16147800,20807300
2025-04-22,199.25228881835938,153.5779571533203,365.5469055175781,201.097762433896,154.28647817349793,366.4935901583944,195.49148998245192,150.55429866627406,358.611039306251,195.64111763020085,150.75389234645476,362.1188421014038,52976400,15910300,19485000
2025-04-23,204.1004180908203,157.38998413085938,373.09063720703125,207.49210995336898,159.68517460141064,379.069813295219,202.30481024884085,156.0228556241092,371.7253664544321,205.49699351150966,157.57958900662848,374.75482418771264,52929200,18575700,20545500
2025-04-24,207.8612060546875,161.13214111328125,385.9557800292969,208.32008954356945,161.3716444185399,387.10181303671203,202.44447210591895,157.75920855848113,373.8878249819962,204.38970763388747,158.19329592743742,374.3960646492269,47311000,30787500,22232300
2025-04-25,208.76898193359375,163.50714111328125,390.4900207519531,209.2378355121778,167.88795419202464,390.79894240871675,205.69650080604464,162.65891369346122,383.2651831703409,205.86608387594285,166.75034031269075,385.65684745985266,38222300,35148100,18973200
2025-04-28,209.62689208984375,162.08013916015625,389.80242919921875,210.98357193193158,164.60484399235878,391.37693221129894,206.95344326011445,160.04441449921725,385.2981274275963,209.48723454234343,163.91628536051073,390.59964052478745,38743100,20871200,16579400
2025-04-29,210.6942901611328,161.72088623046875,392.67242431640625,211.72177396764008,162.3395840048771,393.7287429695286,207.86121308906752,159.05647504559602,389.02512333213684,208.18043904370694,161.70591822711566,389.9419132819562,36827600,15955200,14974000
2025-04-30,211.9811248779297,160.55332946777344,393.88818359375,213.0584895980106,161.0363102187278,395.2833185411371,206.16535854293033,156.82614452258727,383.10572919383554,208.78894157113288,159.5254860095647,388.94537633492024,52286500,20639500,36461100
2025-05-01,212.79913330078125,162.44935607910156,423.9235534667969,214.0360957896086,163.59695884625,435.47332427713997,208.3899124386699,160.59324751027046,423.4252888222868,208.56948083895412,162.17993201602457,429.6137271918364,57365700,21904300,58938100
2025-05-02,204.8485870361328,165.46304321289062,433.769287109375,206.48458191182934,166.3511802953172,437.91485278651635,201.66637387157866,163.31754813877285,428.49763841940904,205.58677037884885,164.60983654805946,430.2415647531947,101010600,16844900,30757400
2025-05-05,198.40435791015625,165.70254516601562,434.65618896484375,203.60164304236298,166.75035109742606,437.97461808249534,197.72602561272546,164.12584947218224,430.6102521137275,202.6040848015313,164.1707534829321,431.367624097433,69018500,15309300,20136100
2025-05-06,198.02528381347656,164.8543243408203,431.8061218261719,200.1600578713198,166.39111049603875,436.2107948487266,196.538931754607,162.7886636287067,429.6735648726689,197.72602851406054,163.61692872306404,430.6999888667604,51216500,10691900,15104200
2025-05-07,195.7707977294922,152.4802703857422,431.8459777832031,198.95301083885846,166.64058037151528,436.5994115910065,192.77812311451905,149.1771989680043,429.6137314736212,198.6836658614824,165.7225072906682,432.3342674079582,68536700,78729800,23295300
2025-05-08,197.00778198242188,155.42410278320312,436.6492614746094,199.56152863729463,157.08063299058793,442.1301726837614,194.20463054641704,153.7775613966295,434.147963172883,197.2372161152265,155.59374524152167,436.41007376009867,50478900,38387500,23491300
2025-05-09,198.0452423095703,154.0569610595703,437.2073059082031,200.0503289543839,156.10265920444155,439.21030909915044,197.05765414160055,153.5081089022484,434.3671913522403,198.51409591462888,155.22451097958617,438.4728871570268,36453900,22871000,15324200
2025-05-12,210.55104064941406,159.24607849121094,447.7007751464844,211.03050749278242,160.10427953850458,447.8103787748487,206.5156271207593,157.55961240306388,438.2536661790282,210.7308445260501,158.767087161307,444.39229048229146,63775800,31884900,22821900
2025-05-13,212.68861389160156,160.55332946777344,447.5812072753906,213.1580823159532,161.72087936029618,449.1058959658508,208.76307628033234,157.25025823538817,443.8142971336702,210.19144790738707,159.5853580204337,446.22591154405814,51909300,24944300,23618800
2025-05-14,212.08929443359375,166.4609375,451.36798095703125,213.69746987061376,167.98773466385796,452.32464056421765,210.34127831689767,160.59323688479117,446.5846525094385,212.18917192393894,160.9724465842897,446.5846525094385,49325800,31769200,19902800
2025-05-15,211.21029663085938,165.05389404296875,452.3863220214844,212.71859464512332,167.15947947237044,455.44129747226026,209.30245815432872,163.49716078272107,449.6907411096269,210.71086343228015,166.79025857078503,450.0301794411029,45029500,22717600,21992300
2025-05-16,211.0205078125,167.07965087890625,453.5244445800781,212.32903558469047,170.2929143521152,453.6142932166669,209.53220664773164,166.60065952676607,447.99355872232604,212.11926693678467,168.5765121778473,451.30808680840903,54737900,36271400,23849800
2025-05-19,208.54331970214844,167.5187225341797,458.11688232421875,209.24252311349682,167.59855695920197,458.83570185482216,204.02843943795537,165.06885786199535,450.0601197660991,207.67431083672193,165.36823314911408,450.14000552921704,46140500,21374700,21336500
2025-05-20,206.62550354003906,164.97409057617188,457.4180603027344,208.2336790492342,169.32495306366755,457.58776423526933,204.79757620413463,163.9162957370762,453.57437286704067,207.4345828831543,167.4089723124178,454.8422775622727,42496600,33563300,15441800
2025-05-21,201.86090087890625,169.7041473388672,451.8272399902344,206.80528635778637,174.1647950905629,457.02868069868646,200.4824756537251,164.54496738120505,451.06847756848606,204.93741112479617,164.60483939502217,453.8239575485261,59211800,45567600,19216900
2025-05-22,201.13172912597656,171.62013244628906,454.11346435546875,202.52015274475195,177.75727288119202,459.49463285512667,199.4736073247078,171.52035082957954,453.1550484484722,200.48247209416806,172.98727611426764,454.2033434579146,46742400,45024100,18025600
2025-05-23,195.04864501953125,169.23513793945312,449.441162109375,197.4758830409797,170.84676411617667,452.94541128469075,193.24069928507132,168.90582662036127,448.17325738802526,193.45045269257122,169.92369658602146,449.24150862772166,78432900,24963600,16883500
2025-05-27,199.98304748535156,173.61593627929688,459.93389892578125,200.51244545494848,173.92528515676113,460.19348195260824,197.20618488735448,170.8517435680547,455.3713920868909,198.07520901450675,170.9415515853457,455.7308170830738,56288500,24341300,20974300
2025-05-28,200.1927947998047,173.0172119140625,456.609375,202.50017366149785,176.1107161118287,461.7609101640183,199.67338002302156,172.65297018501624,456.1800880198718,200.36260025266836,173.61594729418155,460.4630558858422,45339700,25999200,17086300
2025-05-29,199.72332763671875,172.5980987548828,457.9272155761719,203.57895243464628,175.0329804174553,460.9622349154345,198.28495762525483,171.42055991285764,454.56275123248776,203.3492174371598,174.63382348309548,460.79250051058557,51396800,21174700,13974800
2025-05-30,200.622314453125,172.48831176757812,459.60443115234375,201.73105672211125,173.0770735186819,460.9222720478794,196.55692105301176,168.17234979116824,454.79236501090486,199.14398126681596,172.04923004578563,458.96549737927586,70819900,36258300,34770500
2025-06-02,201.47134399414062,170.01348876953125,461.2118225097656,201.9008644592711,170.70404207052295,461.35157690062545,199.89313329888972,168.29708672339368,456.1401731404802,200.05295557621693,168.65633401739595,456.3897628439735,35423300,24742900,16626500
2025-06-03,203.03956604003906,167.3590850830078,462.2101745605469,203.5389992121068,169.44470824759915,463.3782677615003,200.7321872237246,166.33122627831037,460.1036216507913,201.1217444882778,168.51166710695887,460.7126363614999,46381600,25386700,15743800
2025-06-04,202.590087890625,169.03555297851562,463.1086730957031,206.00620910456834,169.22515784223899,464.9256933509807,201.8709028727957,167.44388927750356,462.2600620562611,202.67998220748078,167.92787503026992,463.2384646092932,43604000,18508700,14162700
2025-06-05,200.40257263183594,169.4546661376953,466.91241455078125,204.5178973620389,171.999333247985,468.8791825139859,199.92310578136215,168.9956372255751,463.26841119380083,203.26931435006063,171.26087623375113,464.1968775224098,55126100,25375400,20131700
2025-06-06,203.68882751464844,174.55397033691406,469.6080017089844,205.4668084267123,175.4620697761154,472.56313512848675,201.82095228760733,171.93945767537895,468.0106215882427,202.76987228695742,171.93945767537895,469.31846913564885,46607700,22258100,15285600
2025-06-09,201.2216339111328,177.47137451171875,471.97412109375,205.76647909477697,177.75610840952234,472.6529977632414,199.79326227022588,175.5031325772629,467.8508943889836,204.15830357568726,175.71293650196031,468.92913895110996,72862600,18817600,16469900
2025-06-10,202.44024658203125,179.8492431640625,470.1471252441406,204.11835001917973,182.2820814822952,472.02401413852874,200.34263633745982,176.3174115528641,466.19360257943936,200.3726011094186,177.6012524442818,470.4166711436691,54672600,32908000,15375900
2025-06-11,198.55465698242188,178.63034057617188,471.8443298339844,204.26817387189894,181.587704115862,474.68965849935887,198.18508130061548,177.84105272420047,468.88919632531986,203.26930749599725,181.06816418757248,469.24859086789724,60989900,18994400,16399200
2025-06-12,198.97418212890625,176.8119659423828,478.0840759277344,199.45363372918547,177.97093371422645,479.6315503555016,197.13627162659284,175.95273331776258,472.7428502291372,198.85432303920933,177.32150502104858,474.2403884361742,43904600,17345900,18950600
2025-06-13,196.227294921875,175.7229461669922,474.18048095703125,200.1428492549886,178.18374417661255,478.3935562569989,195.47814514596445,173.41501140826213,471.98410990605987,199.50357538920457,173.4249969901244,475.62811338522215,51447300,20873200,16814500
2025-06-16,198.195068359375,177.78109741210938,478.3536376953125,198.46476655376847,178.08581772153445,479.90108160832807,196.33717625414866,175.66299550545116,474.2204177457221,197.07634287373045,175.74791106095938,474.4300645574067,43020700,18132500,15626100
2025-06-17,195.418212890625,177.0717315673828,477.25543212890625,198.16509536417735,178.5554060908411,477.9542649832925,194.98870767431248,175.78289022905207,473.30190948641297,196.97644196425614,176.84194122313968,474.6197503672441,38856200,17656100,15414100
2025-06-18,196.35714721679688,173.8246307373047,479.4518127441406,197.3460303816964,177.66520741745524,480.2105751696819,194.84886452825484,172.68564937270733,473.68130019053103,195.71787336797544,177.12168687013792,477.21549881727225,45394700,32531800,17526500
2025-06-20,200.7721405029297,167.58021545410156,476.6164855957031,201.47134391409438,175.2084072749372,482.666537493529,196.6368343380514,166.1215277486504,476.0873566497709,198.01527480684123,174.70885376714864,481.4385756672578,96813500,55402600,37576200
2025-06-23,201.27157592773438,165.86175537109375,485.2023620605469,202.07067208145295,168.32955099660168,486.94948990747275,198.73446202428119,163.18415580302408,471.7345120072702,201.40143343464243,167.17059840849774,477.425138713905,55814300,36975600,24864000
2025-06-24,200.07293701171875,167.5902099609375,489.30560302734375,203.2093768046809,169.09885600930554,491.0427680081874,199.9730442780961,166.7609493398623,486.0010379300524,202.36033429336192,167.5352511496685,488.1475336634371,54064000,27310300,22305600
2025-06-25,201.33151245117188,171.3368682861328,491.4620666503906,203.43912119943792,173.2051935344053,493.7483167920849,200.39257558111612,168.41048297188135,488.58681895090325,201.2216365357081,168.49939276403427,491.2324636297239,39525700,23627400,17495100
2025-06-26,200.7721405029297,174.27423095703125,496.6335754394531,202.41028074115465,174.4940357220232,497.2226034494893,199.23389299836737,170.70742680723183,492.0011761864687,201.20164572639828,173.23016594590123,492.1709105807123,50799100,25909100,21578900
2025-06-27,200.85205078125,178.11080932617188,495.1260681152344,202.98962419564972,178.68029238922279,498.4805390751374,199.77327327657756,172.55577684017305,492.22084033701867,201.66113009938155,174.47406045255778,496.73341116664807,73188600,74053100,34539200
2025-06-30,204.93740844726562,177.23159790039062,496.5936584472656,207.15489297707504,181.41785885338717,499.9381665482639,199.0341046248948,175.34328619730314,494.51705506439515,201.78098710410558,180.6235705829387,496.22427056302723,91912800,43964600,28369000
2025-07-01,207.58441162109375,176.7520294189453,491.242431640625,209.95171998702364,177.06175016091657,497.2325843953567,205.90630823197938,174.50403858767385,490.1742108879921,206.4357061767528,176.64711220363492,495.655190908974,78788900,25778500,19945400
2025-07-02,212.1991729736328,179.59947204589844,490.2840270996094,213.09814660534315,179.77431882306013,492.69007550131784,207.9040445567577,175.93275111969743,487.8979653734086,208.6731759252599,176.38734664225254,489.1858263089447,67941800,19325900,16319600
2025-07-03,213.30792236328125,180.38877868652344,498.02130126953125,214.40666625629999,180.60858345440707,499.3091926553608,211.56988934364432,178.03088546799643,492.6301698307581,211.90950026104147,179.65943481772604,492.99955771280014,34955800,13287400,13984800
2025-07-07,209.7119903564453,177.4014434814453,496.90313720703125,215.9848699115094,180.1789598314395,497.9314455400232,208.56330013289198,176.48226683459202,494.41723357438383,212.43889126622693,179.9741410589373,496.56369887519327,50229000,20991400,13981600
2025-07-08,209.7719268798828,175.0035858154297,495.804931640625,211.1903153368944,178.63033385947716,497.3823555722493,208.213697736729,173.76468764691197,493.2990413573122,209.86183643928914,178.62034827773374,496.42390920841734,42848900,24108600,11846600
2025-07-09,210.90065002441406,177.50135803222656,502.68365478515625,211.09043707809712,180.11901356387378,505.94827712953634,206.98509558510867,173.72473469070374,498.919822567675,209.2924745188519,175.95273909172283,499.47890106455674,48749400,31288000,18659500
2025-07-10,212.16920471191406,178.54042053222656,500.656982421875,213.23798377907798,179.4296251657738,503.6121159415126,209.7918979255535,175.5830723051054,496.93309312638246,210.27134950514616,176.512234511381,502.22438258392543,44443600,24693700,16492100
2025-07-11,210.92062377929688,181.14808654785156,502.49395751953125,211.88952536572023,182.44692868840252,504.20114253320645,209.6220944658076,177.38245509455163,496.9829974553982,210.33129628612954,177.75112886809936,497.6519112557523,39765800,23975700,16459500
2025-07-14,208.3834991455078,182.64674377441406,502.1944274902344,210.67091168904602,184.5650273381907,503.14288052756655,207.3047216270235,180.5496192082718,500.20770324807717,209.69201166358403,181.9074143693571,500.6968893054946,38840100,20990400,12058800
2025-07-15,208.87295532226562,182.93649291992188,504.9898376464844,211.64980271899068,185.24442758915293,507.465747883617,208.6831682659836,182.22712026096616,501.9648118083004,208.9828312368767,183.77573911870363,502.19441482497484,42296300,23911600,14927200
2025-07-16,209.92176818847656,183.60589599609375,504.7901611328125,212.1592191902425,185.16950087616138,505.88836188358,208.40348697906978,182.91650973311008,501.06630238508603,210.06160887608695,184.1554078901505,504.35088083250554,47490500,21152600,15154400
2025-07-17,209.78192138671875,184.53506469726562,510.8601989746094,211.5599023237274,185.02162933119868,512.5274410723513,209.35240091776063,181.33792526233427,504.7901605415637,210.33130094399476,182.95148859796868,504.85005963085433,48068100,21654400,17503100
2025-07-18,210.9405975341797,185.77395629882812,509.212890625,211.54990664350106,187.19268639627012,513.7953843002441,209.46227954032304,184.56503013215195,506.59719545986655,210.63095139102305,186.45334173485833,513.6356127696338,48974600,21033400,21209700
2025-07-21,212.23912048339844,190.9792938232422,509.2228698730469,215.53538252867688,191.08919620124823,511.24956741731427,211.39009321998003,186.88296433744753,504.7202620876888,211.8595616297783,186.9329227356617,505.8783619126309,51377400,24665000,14066800
2025-07-22,214.15695190429688,191.93844604492188,504.44073486328125,214.7063314773177,193.18732979274287,510.3610256433726,211.9894136266437,188.32666875796485,504.44073486328125,212.89838571641525,192.2481667751554,510.13139215337156,46404100,26212900,13868600
2025-07-23,213.9072265625,191.33897399902344,505.0397644042969,214.90609293027538,193.18732802696937,505.95826791167354,212.1692088371252,190.010159874068,499.87826643817476,214.75626907170553,192.1882210378446,505.9183250285286,46989300,34068100,16396600
2025-07-24,213.51766967773438,193.0274658203125,510.0415344238281,215.44548969662856,198.79231737351353,512.826933461713,213.28793468034502,191.77858209315576,506.4673929575042,213.65751035981805,197.9330847594232,507.93498157135946,46022600,45252100,16107000
2025-07-25,213.63754272460938,193.9066925048828,512.866943359375,214.9960015887686,195.10061746773786,517.4393829887753,213.15807589620647,191.95843686256575,509.52240467312413,214.45660521718813,192.75771028339912,511.6289272082179,40268800,31101800,19125700
2025-07-28,213.80735778808594,193.2472686767578,511.65887451171875,214.60645396318566,194.6460275845246,514.1547714605564,212.81847455673218,191.68366382649796,509.2827757416266,213.78737619229818,194.23639006720387,513.2362984451797,37858000,25553500,14308000
2025-07-29,211.03050231933594,196.25457763671875,511.728759765625,214.5664825639156,196.4843832196581,516.7704593446111,210.58101550100253,192.817662416167,510.7204076628311,213.93719187335407,193.1273831421187,514.6839236482208,51411700,31891600,16469200
2025-07-30,208.81301879882812,197.26368713378906,512.3976440429688,212.14922883427738,198.30275169861974,515.1032182392812,207.48452469073794,195.3853611085289,508.6038929137552,211.65977882345743,196.12470577159496,514.3244691518986,45512500,21150500,26380400
2025-07-31,207.33470153808594,192.68777465820312,532.6243896484375,209.60211724381097,196.65423062723093,554.5383762548963,206.92516266487007,191.90847242579005,531.0270400328567,208.25365677749065,196.4244402882278,554.3187056451394,80698400,27852000,51617300
2025-08-01,202.1505889892578,189.78036499023438,523.2498168945312,213.33788973606855,191.44687467641603,534.9206337229102,201.27158167093614,188.5314812837375,520.0051507892547,210.63095505795985,189.6105186355703,534.1219588686084,104434500,21236700,28977600
2025-08-04,203.11949157714844,195.5751953125,534.7609252929688,207.64435521756303,195.9049024520249,537.3666271513684,201.4513712516652,190.74950667153828,527.2632409127965,204.27816503495924,191.00428383507187,527.4030257699867,75109300,23386000,25349000
2025-08-05,202.68995666503906,195.1455841064453,526.8838500976562,205.1072113881769,198.5225553573162,536.4181643311854,201.93082373064988,194.5011558308944,526.374677366439,203.1694082424696,195.37037403152394,536.2983661514853,44155100,19010200,19171600
2025-08-06,213.0082550048828,196.74415588378906,524.0784912109375,215.1358452662651,197.20375182865104,530.8274067099719,205.35693489516686,194.2933433951165,523.1700114791388,205.39689808550258,195.0756489615275,530.0287318260303,108483100,15383700,21355700
2025-08-07,219.7805633544922,197.10382080078125,519.9852294921875,220.59964108330854,198.19284373359994,527.2233308658066,216.33447747046458,195.04566289247066,516.7005900083886,218.63187314031333,197.53344472313984,525.9354090023164,90224800,14660600,16079100
2025-08-08,229.0900115966797,201.90953063964844,521.1832275390625,230.73813503605493,203.24833036524188,523.7989228282858,219.00145500716468,197.72326985656238,518.5575389118288,220.57966572513484,197.80320024624658,521.7423060527517,113854000,24379900,15531000
2025-08-11,227.17999267578125,201.449951171875,520.9136962890625,229.55999755859375,201.97947666721265,526.7241518809952,224.75999450683594,199.6215835153614,518.8670119786243,227.9199981689453,201.37500595004394,521.4427947726738,61806100,16690200,20194400
2025-08-12,229.64999389648438,203.97769165039062,528.3713989257812,230.8000030517578,204.9468266736469,530.1085334795151,227.07000732421875,201.2201465346662,521.8421543429575,228.00999450683594,201.91453322711988,522.8904188907295,55626200,19854000,18667000
2025-08-13,233.3300018310547,202.84869384765625,519.7256469726562,235.0,205.24654455972473,531.825750889051,230.42999267578125,198.46261470892654,518.5176108745642,231.07000732421875,204.79694945685728,531.236692379076,69878500,19573000,19619200
2025-08-14,232.77999877929688,203.63800048828125,521.6224975585938,235.1199951171875,205.2365625759638,525.0868343553949,230.85000610351562,202.14432512407217,519.2863720398742,234.05999755859375,202.37911588398708,521.7023833261101,51916300,17777100,20269100
2025-08-15,231.58999633789062,204.72702026367188,519.3162841796875,234.27999877929688,207.14485738883576,525.2365445998882,229.33999633789062,201.9045460206804,518.2281072023833,234.0,204.53718749330082,521.9120536418995,56038700,21111400,25213300
2025-08-18,230.88999938964844,204.10755920410156,516.2512817382812,233.1199951171875,205.95591322393057,521.9619254356152,230.11000061035156,203.22835542424343,513.176380682391,231.6999969482422,204.88687667774633,520.7339636806648,37476200,13000200,23760600
2025-08-19,230.55999755859375,202.30918884277344,508.933349609375,232.8699951171875,204.10756930819693,514.314487646487,229.35000610351562,200.75056906348905,507.7153506663982,231.27999877929688,203.72291858829,514.1547770514178,39402600,13476600,21481000
2025-08-20,226.00999450683594,200.01123046875,504.8900146484375,230.47000122070312,201.9894580373513,510.161347905157,225.77000427246094,197.28367265876727,503.6121166003689,229.97999572753906,201.49989012472352,509.0331975839143,42263900,13971700,27723000
2025-08-21,224.89999389648438,200.4408416748047,504.239990234375,226.52000427246094,203.17840034597594,507.6300048828125,223.77999877929688,200.22103691495778,502.7200012207031,226.27000427246094,200.54075847297617,503.69000244140625,30621200,11768900,18443300
2025-08-22,227.75999450683594,206.535400390625,507.2300109863281,229.08999633789062,209.0431534739571,510.7300109863281,225.41000366210938,201.94950291655513,502.4100036621094,226.1699981689453,203.7778705571345,504.25,42477800,25723700,24324200
2025-08-25,227.16000366210938,208.9732208251953,504.260009765625,229.3000030517578,210.90148999026277,508.19000244140625,226.22999572753906,205.7660806926536,504.1199951171875,226.47999572753906,206.8151460768586,506.6300048828125,30983100,22788800,21638600
2025-08-26,229.30999755859375,207.76429748535156,502.0400085449219,229.49000549316406,208.2738518119723,504.9800109863281,224.69000244140625,206.26563698618554,498.510009765625,226.8699951171875,208.18392059569848,504.3599853515625,54575100,23051000,30835700
2025-08-27,230.49000549316406,208.02407836914062,506.739990234375,230.89999389648438,209.3828645197921,507.2900085449219,228.25999450683594,206.20569628356685,499.8999938964844,228.61000061035156,206.2756410923181,502.0,31259500,15249000,17277900
2025-08-28,232.55999755859375,212.1803436279297,509.6400146484375,233.41000366210938,212.70986910562976,511.0899963378906,229.33999633789062,207.4146143286289,505.5,230.82000732421875,207.6543902459798,507.0899963378906,38074700,20915700,18015600
2025-08-29,232.13999938964844,213.3393096923828,506.69000244140625,233.3800048828125,215.14769086553312,509.6000061035156,231.3699951171875,210.78159829310974,504.489990234375,232.50999450683594,211.08133343259135,508.6600036621094,39418400,24682200,20961600
2025-09-02,229.72000122070312,211.8007049560547,505.1199951171875,230.85000610351562,212.17936432543956,506.0,226.97000122070312,206.77519781054198,496.80999755859375,229.25,208.80338386353435,500.4700012207031,44075600,28900100,18128000
2025-09-03,238.47000122070312,230.8936309814453,505.3500061035156,238.85000610351562,231.59300282388122,507.7900085449219,234.36000061035156,224.91896021781164,502.32000732421875,237.2100067138672,226.27774633104264,503.7900085449219,66427800,72250300,16345100
2025-09-04,239.77999877929688,232.45223999023438,507.9700012207031,239.89999389648438,232.56214237085004,508.1499938964844,236.74000549316406,226.55749949973745,503.1499938964844,238.4499969482422,229.94947205835598,504.29998779296875,47549400,32196000,15509500
2025-09-05,239.69000244140625,234.95999145507812,495.0,241.32000732421875,235.9191408833356,511.9700012207031,238.49000549316406,232.17248963182874,492.3699951171875,240.0,232.4522383723282,509.07000732421875,54870400,26127700,31994800
2025-09-08,237.8800048828125,234.16000366210938,498.20001220703125,240.14999389648438,238.39999389648438,501.20001220703125,236.33999633789062,233.72999572753906,495.0299987792969,239.3000030517578,235.7899932861328,498.1099853515625,48999500,23128800,16771000
2025-09-09,234.35000610351562,239.94000244140625,498.4100036621094,238.77999877929688,240.58999633789062,502.25,233.36000061035156,233.3800048828125,497.70001220703125,237.0,234.19000244140625,501.42999267578125,66313900,22854800,14410500
2025-09-10,226.7899932861328,239.55999755859375,500.3699951171875,232.4199981689453,242.0800018310547,503.2300109863281,225.9499969482422,238.11000061035156,496.7200012207031,232.19000244140625,239.25,502.9800109863281,83440800,19990100,21611800
2025-09-11,230.02999877929688,240.77999877929688,501.010009765625,230.4499969482422,242.57000732421875,503.1700134277344,226.64999389648438,236.5800018310547,497.8800048828125,226.8800048828125,240.13999938964844,502.25,50208600,21308600,18881600
2025-09-12,234.07000732421875,241.3800048828125,509.8999938964844,234.50999450683594,242.42300415039062,512.5499877929688,229.02000427246094,238.5,503.8500061035156,229.22000122070312,240.8000030517578,506.6499938964844,55824200,14536600,23624900
2025-09-15,236.6999969482422,251.75999450683594,515.3599853515625,238.19000244140625,252.75,515.469970703125,235.02999877929688,244.97999572753906,507.0,237.0,245.13999938964844,508.7900085449219,42699500,29935200,17143800
2025-09-16,238.14999389648438,251.4199981689453,509.0400085449219,241.22000122070312,253.22999572753906,517.22998046875,236.32000732421875,249.71499633789062,508.6000061035156,237.17999267578125,252.3300018310547,516.8800048828125,63421100,24493500,19711900
2025-09-17,238.99000549316406,249.85000610351562,510.0199890136719,240.10000610351562,251.9499969482422,511.2900085449219,237.72999572753906,246.5800018310547,505.92999267578125,238.97000122070312,251.4600067138672,510.6199951171875,46508000,20491300,15816600
2025-09-18,237.8800048828125,252.3300018310547,508.45001220703125,241.1999969482422,254.13999938964844,513.0700073242188,236.64999389648438,250.11000061035156,507.6600036621094,239.97000122070312,251.86000061035156,511.489990234375,44249600,21166400,18913700
2025-09-19,245.5,255.24000549316406,517.9299926757812,246.3000030517578,256.70001220703125,519.2999877929688,240.2100067138672,252.0679931640625,510.30999755859375,241.22999572753906,253.39999389648438,510.55999755859375,163741300,41616800,52474100
2025-09-22,256.0799865722656,252.8800048828125,514.4500122070312,256.6400146484375,256.30999755859375,517.739990234375,248.1199951171875,250.80999755859375,512.5399780273438,248.3000030517578,254.77999877929688,515.5900268554688,105517400,20079000,20009300
2025-09-23,254.42999267578125,252.33999633789062,509.2300109863281,257.3399963378906,254.77000427246094,514.5900268554688,253.5800018310547,251.08999633789062,507.30999755859375,255.8800048828125,253.65499877929688,513.7999877929688,60275200,17521100,19799600
2025-09-24,252.30999755859375,247.8300018310547,510.1499938964844,255.74000549316406,252.9600067138672,512.47998046875,251.0399932861328,247.22000122070312,506.9200134277344,255.22000122070312,252.14999389648438,510.3800048828125,42303700,16958500,13533700
2025-09-25,256.8699951171875,246.57000732421875,507.0299987792969,257.1700134277344,247.31500244140625,510.010009765625,251.7100067138672,241.64999389648438,505.0400085449219,253.2100067138672,244.83999633789062,508.29998779296875,55202100,17379800,15786500
2025-09-26,255.4600067138672,247.17999267578125,511.4599914550781,257.6000061035156,250.1199951171875,513.9400024414062,253.77999877929688,246.63999938964844,506.6199951171875,254.10000610351562,247.78500366210938,510.05999755859375,46076300,16594600,16213100
2025-09-29,254.42999267578125,244.36000061035156,514.5999755859375,255.0,251.6479949951172,516.8499755859375,253.00999450683594,243.1999969482422,508.8800048828125,254.55999755859375,248.27499389648438,511.5,40127700,23157200,17617800
2025-09-30,254.6300048828125,243.5500030517578,517.9500122070312,255.9199981689453,243.6750030517578,518.1599731445312,253.11000061035156,239.5709991455078,509.6600036621094,254.86000061035156,243.05999755859375,513.239990234375,37704300,22541200,19728200
